date,time,duration,participants,room,status
16-03-2024,14:42,29,"[""Bob"", ""David""]",Room 1,confirmed
01-04-2024,07:05,27,"[""Alice"", ""Charlie""]",Room 2,confirmed
29-03-2024,02:20,15,"[""Alice"", ""Bob""]",Room 3,confirmed
28-03-2024,23:01,52,"[Henry, Henry]",Room 2,cancelled
17-03-2024,20:01,55,"[Bob, David]",Room 3,cancelled
09-04-2024,11:33,29,"[Bob, David]",Room 1,cancelled
22-03-2024,07:36,7,"[Henry, Jack]",Room 5,cancelled
26-03-2024,19:10,44,"[Bob, Grace]",Room 1,cancelled
23-03-2024,04:32,48,"[Alice, Bob]",Room 3,cancelled
27-03-2024,16:38,22,"[Henry, Alice]",Room 3,cancelled
11-04-2024,11:59,2,"[David, Henry]",Room 1,cancelled
01-04-2024,10:48,6,"[Alice, Emily]",Room 4,cancelled
06-04-2024,22:41,42,"[Grace, David]",Room 1,confirmed
06-04-2024,08:41,35,"[Emily, Henry]",Room 2,confirmed
28-03-2024,23:33,30,"[Emily, Alice]",Room 1,confirmed
15-04-2024,17:01,58,"[Jack, Frank]",Room 4,confirmed
09-04-2024,16:24,39,"[Charlie, David]",Room 4,confirmed
10-04-2024,07:17,9,"[Bob, Frank]",Room 2,cancelled
24-03-2024,01:57,54,"[Charlie, Frank]",Room 3,cancelled
31-03-2024,06:10,30,"[Frank, Jack]",Room 2,confirmed
15-04-2024,23:58,36,"[Charlie, Isabel]",Room 2,confirmed
06-04-2024,12:22,13,"[Henry, Alice]",Room 4,confirmed
31-03-2024,06:31,19,"[Charlie, Charlie]",Room 4,confirmed
30-03-2024,15:05,54,"[Grace, Jack]",Room 1,confirmed
09-04-2024,23:49,38,"[Jack, Alice]",Room 1,cancelled
11-04-2024,16:41,55,"[Charlie, Jack]",Room 4,confirmed
21-03-2024,17:06,2,"[Isabel, Grace]",Room 2,cancelled
31-03-2024,08:42,20,"[Jack, Henry]",Room 4,confirmed
25-03-2024,14:54,8,"[Henry, David]",Room 4,confirmed
23-03-2024,03:01,52,"[David, Bob]",Room 5,cancelled
18-03-2024,19:55,8,"[Henry, Henry]",Room 3,cancelled
09-04-2024,01:28,31,"[Charlie, David]",Room 5,confirmed
29-03-2024,19:33,20,"[Emily, Emily]",Room 4,confirmed
02-04-2024,03:15,15,"[Frank, Charlie]",Room 1,confirmed
29-03-2024,10:51,3,"[Isabel, Charlie]",Room 5,confirmed
28-03-2024,20:39,37,"[Isabel, Frank]",Room 5,cancelled
24-03-2024,05:27,28,"[Alice, Bob]",Room 5,confirmed
10-04-2024,23:23,13,"[Grace, Henry]",Room 3,confirmed
21-03-2024,01:09,10,"[Henry, Jack]",Room 3,cancelled
03-04-2024,12:09,31,"[Charlie, David]",Room 2,confirmed
01-04-2024,04:02,20,"[Frank, Jack]",Room 4,confirmed
19-03-2024,10:39,43,"[Bob, David]",Room 4,confirmed
28-03-2024,09:51,60,"[Charlie, Grace]",Room 5,cancelled
05-04-2024,07:59,55,"[David, David]",Room 3,cancelled
17-03-2024,11:38,55,"[Emily, Jack]",Room 2,confirmed
27-03-2024,06:01,21,"[Jack, Grace]",Room 1,cancelled
22-03-2024,04:43,24,"[Emily, Isabel]",Room 4,cancelled
19-03-2024,06:33,27,"[Jack, Jack]",Room 4,confirmed
12-04-2024,18:12,26,"[Alice, Emily]",Room 2,cancelled
07-04-2024,04:53,49,"[David, Alice]",Room 5,cancelled
01-04-2024,21:22,13,"[Charlie, Isabel]",Room 3,cancelled
13-04-2024,04:49,49,"[Frank, Henry]",Room 1,cancelled
05-04-2024,12:22,57,"[Alice, David]",Room 3,confirmed
30-03-2024,13:26,2,"[Henry, Grace]",Room 2,confirmed
15-04-2024,21:15,33,"[Charlie, Henry]",Room 2,cancelled
12-04-2024,19:30,27,"[Henry, Frank]",Room 1,cancelled
19-03-2024,19:43,37,"[David, Isabel]",Room 4,cancelled
28-03-2024,00:16,3,"[Jack, Grace]",Room 1,confirmed
18-03-2024,16:27,33,"[Bob, Emily]",Room 2,cancelled
09-04-2024,05:43,36,"[Alice, David]",Room 1,cancelled
05-04-2024,14:07,6,"[Grace, Grace]",Room 1,cancelled
15-04-2024,00:58,27,"[Grace, Emily]",Room 5,confirmed
19-03-2024,16:26,50,"[Charlie, David]",Room 5,confirmed
22-03-2024,04:10,51,"[David, Charlie]",Room 4,confirmed
16-03-2024,12:07,43,"[Bob, David]",Room 4,cancelled
10-04-2024,16:53,6,"[Isabel, Grace]",Room 3,cancelled
26-03-2024,19:15,2,"[Alice, Frank]",Room 1,cancelled
17-03-2024,21:20,52,"[Jack, Henry]",Room 3,confirmed
11-04-2024,10:14,36,"[Frank, David]",Room 1,confirmed
28-03-2024,09:20,11,"[Charlie, Alice]",Room 3,cancelled
07-04-2024,18:45,23,"[Charlie, Grace]",Room 4,cancelled
26-03-2024,01:30,8,"[Isabel, Charlie]",Room 5,confirmed
11-04-2024,03:52,39,"[David, Grace]",Room 3,cancelled
01-04-2024,21:57,15,"[Charlie, Charlie]",Room 1,confirmed
11-04-2024,07:13,23,"[Frank, Emily]",Room 5,cancelled
31-03-2024,11:53,48,"[David, Jack]",Room 1,cancelled
19-03-2024,16:55,21,"[Alice, Isabel]",Room 1,cancelled
12-04-2024,22:53,26,"[Jack, Grace]",Room 4,confirmed
13-04-2024,23:12,57,"[David, Frank]",Room 4,confirmed
29-03-2024,09:14,27,"[Isabel, Henry]",Room 1,confirmed
08-04-2024,08:01,25,"[Emily, Henry]",Room 5,confirmed
09-04-2024,03:08,39,"[Charlie, Isabel]",Room 2,cancelled
11-04-2024,21:50,8,"[Grace, Alice]",Room 5,confirmed
21-03-2024,23:23,25,"[Charlie, Charlie]",Room 5,cancelled
06-04-2024,17:44,4,"[Isabel, Charlie]",Room 1,cancelled
06-04-2024,16:49,23,"[David, David]",Room 2,cancelled
24-03-2024,19:55,18,"[Isabel, Charlie]",Room 2,confirmed
19-03-2024,07:22,59,"[Henry, Isabel]",Room 5,confirmed
30-03-2024,10:42,36,"[Frank, David]",Room 1,confirmed
14-04-2024,19:47,13,"[Bob, Henry]",Room 2,cancelled
11-04-2024,03:53,40,"[Emily, David]",Room 3,cancelled
05-04-2024,09:09,40,"[Grace, Grace]",Room 1,confirmed
04-04-2024,02:34,48,"[Grace, Isabel]",Room 3,confirmed
25-03-2024,02:05,3,"[Bob, Frank]",Room 2,confirmed
25-03-2024,20:43,11,"[Grace, Jack]",Room 5,cancelled
29-03-2024,18:36,53,"[Grace, Henry]",Room 3,confirmed
09-04-2024,05:18,29,"[Alice, Isabel]",Room 2,cancelled
27-03-2024,04:27,15,"[Bob, Frank]",Room 4,cancelled
20-03-2024,10:00,12,"[Isabel, Frank]",Room 1,confirmed
